{
  "movies": [
    {
      "id": 1,
      "title": "El Padrino",
      "description": "La saga de la familia Corleone, liderada por el patriarca Vito Corleone y su hijo Michael, quien se involucra en el mundo del crimen organizado.",
      "date": "1972",
      "img":"images/exercise-3/01.webp",
      "rating": 9.2
    },
    {
      "id": 2,
      "title": "El señor de los anillos: El retorno del rey",
      "description": "La última entrega de la trilogía épica basada en los libros de J.R.R. Tolkien, donde se desarrolla la batalla final por el destino de la Tierra Media.",
      "date": "2003",
      "img":"images/exercise-3/02.jpeg",
      "rating": 8.9
    },
    {
      "id": 3,
      "title": "Pulp Fiction",
      "description": "Una historia no lineal que sigue a un grupo de personajes en el mundo del crimen de Los Ángeles, entrelazando varias tramas y momentos icónicos.",
      "date": "1994",
      "img":"images/exercise-3/03.jpeg",
      "rating": 8.9
    },
    {
      "id": 4,
      "title": "El club de la pelea",
      "description": "Un empleado de oficina desilusionado y un vendedor de jabón excéntrico forman un club de lucha clandestino que se convierte en un fenómeno subversivo.",
      "date": "1999",
      "img":"images/exercise-3/04.webp",
      "rating": 8.8
    },
    {
      "id": 5,
      "title": "El gran dictador",
      "description": "Una sátira cómica-dramática de Charles Chaplin que critica el fascismo y el nazismo, con el personaje del dictador Adenoid Hynkel.",
      "date": "1940",
      "img":"images/exercise-3/05.jpeg",
      "rating": 8.4
    }
  ]
}